"技能ID","备注","阶段列表","阶段列表_远程"
"1000160","晨露酒","10001400,10001401,10001402,10001403","10001400,10001401,10001402,10001403"
"1000170","凤梨佳酿","10001400,10001401,10001402,10001403","10001400,10001401,10001402,10001403"
"1000200","治疗药水","10001400,10001401,10001402,10001403","10001400,10001401,10001402,10001403"
"1000210","法力药水","10001400,10001401,10001402,10001403","10001400,10001401,10001402,10001403"
"1000220","净化药剂","10001400,10001401,10001402,10001403","10001400,10001401,10001402,10001403"
"1000230","复苏药剂","10001400,10001401,10001402,10001403","10001400,10001401,10001402,10001403"
"1000240","恢复合剂","10001400,10001401,10001402,10001403","10001400,10001401,10001402,10001403"
"1000250","重生药剂","10001400,10001401,10001402,10001403","10001400,10001401,10001402,10001403"
"1000300","活根草","10001400,10001401,10001402,10001403","10001400,10001401,10001402,10001403"
"1000310","野钢花","10001400,10001401,10001402,10001403","10001400,10001401,10001402,10001403"
"1000320","银叶草","10001400,10001401,10001402,10001403","10001400,10001401,10001402,10001403"
"1000330","宁神花","10001400,10001401,10001402,10001403","10001400,10001401,10001402,10001403"
"1000340","皇血草","10001400,10001401,10001402,10001403","10001400,10001401,10001402,10001403"
"1000350","荆棘藻","10001400,10001401,10001402,10001403","10001400,10001401,10001402,10001403"
"1000360","魔皇草","10001400,10001401,10001402,10001403","10001400,10001401,10001402,10001403"
"1000370","雨燕草","10001400,10001401,10001402,10001403","10001400,10001401,10001402,10001403"
"1100010","幻影冲锋1","11000100,11000101,11000102,11000103,11000104,11000105,11000106,11000107",
"1100011","幻影冲锋2","11000110,11000111,11000112,11000113,11000114,11000115",
"1100012","幻影冲锋3","11000120,11000121,11000122,11000123,11000124,11000125",
"1100013","幻影冲锋4","11000130,11000131,11000132,11000133,11000134,11000135",
"1100014","幻影冲锋5","11000140",
"1100020","挫志怒吼1","11000200,11000201,11000202,11000203,11000204,11000205",
"1100021","挫志怒吼2","11000210",
"1100022","挫志怒吼3","11000220",
"1100023","挫志怒吼4","11000230",
"1100030","毁灭打击1","11000300,11000301,11000302,11000303,11000304",
"1100031","毁灭打击2","11000310,11000311,11000312,11000313,11000314",
"1100032","毁灭打击3","11000320,11000321,11000322,11000323,11000324",
"1100033","毁灭打击虚弱休息","11000330,11000331",
"1100040","蓄力猛击之蓄力1","11000400",
"1100041","蓄力猛击之蓄力2","11000410,11000411,11000412",
"1100110","蓄力猛击之冲锋","11001100,11001101,11001102,11001103,11001104",
"1100111","猛击完驱散蓄力","11001110",
"1100050","破甲","11000500,11000501,11000502,11000503,11000504",
"1100070","无敌斩1","11000700,11000701,11000702",
"1100071","无敌斩2","11000710,11000711",
"1100072","无敌斩3","11000720,11000721",
"1100073","无敌斩4","11000730,11000731",
"1100074","无敌斩5","11000740,11000741",
"1100075","无敌斩6","11000750,11000751",
"1100076","无敌斩7","11000760,11000761",
"1100077","无敌斩8","11000770,11000771",
"1100078","无敌斩9","11000780,11000781",
"1100079","无敌斩虚弱休息","11000790",
"1200010","审判之锤1","12000100,12000101,12000102,12000103,12000104,12000105,12000106",
"1200011","审判之锤2","12000110,12000111,12000112,12000113,12000114",
"1200012","审判之锤3","12000120,12000121,12000122,12000123,12000124",
"1200013","审判之锤4","12000130,12000131,12000132,12000133,12000134",
"1200014","审判之锤5","12000140,12000141,12000142,12000143,12000144",
"1200015","审判之锤6","12000150,12000151,12000152,12000153,12000154",
"1200016","审判之锤净化首目标","12000160",
"1200020","无边定罪","12000200,12000201,12000202,12000203",
"1200021","无边定罪神圣伤害","12000210,12000211,12000212,12000213",
"1200030","复仇之盾1","12000300,12000301,12000302,12000303,12000304,12000305,12000306",
"1200031","复仇之盾2","12000310,12000311,12000312",
"1200032","复仇之盾3","12000320,12000321,12000322",
"1200033","复仇之盾4","12000330,12000331,12000332",
"1200040","圣光洗礼","12000400,12000401,12000402,12000403",
"1200050","神谕责难1","12000500,12000501,12000502,12000503",
"1200051","神谕责难2","12000510,12000511,12000512",
"1200052","神谕责难3","12000520,12000521,12000522",
"1200053","神谕责难4","12000530,12000531,12000532",
"1200054","神谕责难5","12000540,12000541,12000542",
"1200055","神谕责难6","12000550,12000551,12000552",
"1200070","守护圣盾1","12000600,12000601,12000602",
"1200071","守护圣盾2","12000610,12000611",
"1200072","守护圣盾3","12000620,12000621",
"1200073","守护圣盾4","12000630,12000631",
"1200074","守护圣盾5","12000640,12000641",
"1200075","守护圣盾虚弱休息","12000650",
"1300000","狩猎姿态","13000000,13000001,13000002","13000000,13000001,13000002"
"1300010","多重打击1","13000100,13000101,13000102,13000103,13000104,13000105,13000106","13000100,13000101,13000102,13000103,13000104,13000105,13000106"
"1300011","多重打击2","13000110,13000111,13000112,13000113,13000114,13000115,13000116","13000110,13000111,13000112,13000113,13000114,13000115,13000116"
"1300012","多重打击3","13000120,13000121,13000122,13000123,13000124,13000125,13000126","13000120,13000121,13000122,13000123,13000124,13000125,13000126"
"1300013","多重打击4","13000130,13000131,13000132,13000133,13000134,13000135,13000136","13000130,13000131,13000132,13000133,13000134,13000135,13000136"
"1300014","多重打击5","13000140,13000141,13000142,13000143,13000144,13000145,13000146","13000140,13000141,13000142,13000143,13000144,13000145,13000146"
"1300015","多重打击6","13000150,13000151,13000152,13000153,13000154,13000155,13000156","13000150,13000151,13000152,13000153,13000154,13000155,13000156"
"1300016","多重打击虚弱休息","13000160","13000160"
"1300020","穿刺打击","13000200,13000201,13000202,13000203,13000204,13000205,13000206","13000200,13000201,13000202,13000203,13000204,13000205,13000206"
"1300030","野性召唤","13000300,13000301,13000302,13000303","13000300,13000301,13000302,13000303"
"1300040","生命献祭1","13000400,13000401,13000402","13000400,13000401,13000402"
"1300041","生命献祭2","13000410,13000411,13000412","13000410,13000411,13000412"
"1300050","精准打击1","13000500,13000501,13000502,13000503,13000504,13000505,13000506,13000507","13000500,13000501,13000502,13000503,13000504,13000505,13000506,13000507"
"1300051","精准打击2","13000510,13000511,13000512,13000513,13000514,13000515,13000516","13000510,13000511,13000512,13000513,13000514,13000515,13000516"
"1300052","精准打击3","13000520,13000521,13000522,13000523,13000524,13000525,13000526","13000520,13000521,13000522,13000523,13000524,13000525,13000526"
"1300053","精准打击4","13000530,13000531,13000532,13000533,13000534,13000535,13000536","13000530,13000531,13000532,13000533,13000534,13000535,13000536"
"1300054","精准打击5","13000540,13000541,13000542,13000543,13000544,13000545,13000546","13000540,13000541,13000542,13000543,13000544,13000545,13000546"
"1300055","精准打击6","13000550,13000551,13000552,13000553,13000554,13000555,13000556","13000550,13000551,13000552,13000553,13000554,13000555,13000556"
"1300056","精准打击虚弱休息","13000560","13000560"
"1300070","奇美拉冲击1","13000700,13000701,13000702","13000700,13000701,13000702"
"1300071","奇美拉冲击2","13000710,13000711","13000710,13000711"
"1300072","奇美拉冲击3","13000720,13000721","13000720,13000721"
"1300073","奇美拉冲击4","13000730,13000731","13000730,13000731"
"1300074","奇美拉冲击5","13000740,13000741","13000740,13000741"
"1300075","奇美拉冲击虚弱休息","13000750","13000750"
"1400010","撕裂横扫1","14000100,14000101,14000102,14000103,14000104,14000105,14000106,14000107","14000100,14000101,14000102,14000103,14000104,14000105,14000106,14000107"
"1400011","撕裂横扫2","14000110,14000111,14000112,14000113,14000114","14000110,14000111,14000112,14000113,14000114"
"1400012","撕裂横扫3","14000120,14000121,14000122,14000123,14000124","14000120,14000121,14000122,14000123,14000124"
"1400013","撕裂横扫4","14000130,14000131,14000132,14000133,14000134","14000130,14000131,14000132,14000133,14000134"
"1400014","撕裂横扫5","14000140,14000141,14000142,14000143,14000144","14000140,14000141,14000142,14000143,14000144"
"1400015","撕裂横扫6","14000150,14000151,14000152,14000153,14000154","14000150,14000151,14000152,14000153,14000154"
"1400016","撕裂横扫虚弱休息","14000160,14000161,14000162","14000160,14000161,14000162"
"1400020","绿之潮1","14000200,14000201,14000202,14000203,14000204","14000200,14000201,14000202,14000203,14000204"
"1400021","绿之潮2","14000210,14000211","14000210,14000211"
"1400022","绿之潮3","14000220,14000221","14000220,14000221"
"1400023","绿之潮4","14000230,14000231","14000230,14000231"
"1400024","绿之潮5","14000240,14000241","14000240,14000241"
"1400025","绿之潮6","14000250,14000251","14000250,14000251"
"1400026","绿之潮7","14000260,14000261","14000260,14000261"
"1400030","黄昏花蕾","14000300,14000301,14000302,14000303,14000304,14000305","14000300,14000301,14000302,14000303,14000304,14000305"
"1400040","灵熊爪击1","14000400,14000401,14000402,14000403,14000404,14000405,14000406,14000407","14000400,14000401,14000402,14000403,14000404,14000405,14000406,14000407"
"1400041","灵熊爪击2","14000410,14000411,14000412,14000413,14000414","14000410,14000411,14000412,14000413,14000414"
"1400042","灵熊爪击3","14000420,14000421,14000422,14000423,14000424","14000420,14000421,14000422,14000423,14000424"
"1400043","灵熊爪击4","14000430,14000431,14000432,14000433,14000434","14000430,14000431,14000432,14000433,14000434"
"1400044","灵熊爪击5","14000440,14000441,14000442,14000443,14000444","14000440,14000441,14000442,14000443,14000444"
"1400045","灵熊爪击6","14000450,14000451,14000452,14000453,14000454","14000450,14000451,14000452,14000453,14000454"
"1400046","灵熊爪击虚弱休息","14000460,14000461,14000462","14000460,14000461,14000462"
"1400050","心灵之眼1","14000500,14000501,14000502,14000503,14000504,14000505","14000500,14000501,14000502,14000503,14000504,14000505"
"1400051","心灵之眼2","14000510,14000511,14000512","14000510,14000511,14000512"
"1400052","心灵之眼3","14000520,14000521,14000522","14000520,14000521,14000522"
"1400053","心灵之眼4","14000530,14000531,14000532","14000530,14000531,14000532"
"1400054","心灵之眼5","14000540,14000541,14000542","14000540,14000541,14000542"
"1400055","心灵之眼6","14000550,14000551,14000552","14000550,14000551,14000552"
"1400070","纠缠根须","14000700,14000701,14000702,14000703,14000704,14000705","14000700,14000701,14000702,14000703,14000704,14000705"
"1400071","纠缠根须减防","14000710","14000710"
"1400072","纠缠根须PVE伤害","14000720","14000720"
"1400073","纠缠根须虚弱休息","14000730","14000730"
"1500010","暴风雪1","15000100,15000101,15000102,15000103",
"1500011","暴风雪2","15000110,15000111,15000112",
"1500012","暴风雪3","15000120,15000121,15000122",
"1500013","暴风雪4","15000130,15000131,15000132",
"1500014","暴风雪5","15000140,15000141,15000142",
"1500015","暴风雪6","15000150,15000151,15000152",
"1500016","暴风雪7","15000160,15000161,15000162",
"1500020","奥术冲击","15000200,15000201,15000202,15000203",
"1500030","变形术","15000300,15000301,15000302,15000303,15000304,15000305",
"1500040","魔爆术","15000400,15000401,15000402,15000403",
"1500050","冰霜血脉","15000500,15000501,15000502",""
"1500070","烈焰风暴","15000700,15000701,15000702",""
"1500071","烈焰风暴虚弱休息","15000710",""
"1600010","神圣新星1","16000100,16000101,16000102",""
"1600011","神圣新星2","16000110,16000111",""
"1600012","神圣新星3","16000120,16000121",""
"1600013","神圣新星4","16000130,16000131",""
"1600014","神圣新星5","16000140,16000141",""
"1600015","神圣新星6","16000150,16000151",""
"1600020","治疗祷言1","16000200,16000201,16000202",""
"1600021","治疗祷言2","16000210,16000211",""
"1600022","治疗祷言3","16000220,16000221",""
"1600023","治疗祷言4","16000230,16000231",""
"1600024","治疗祷言5","16000240,16000241",""
"1600025","治疗祷言6","16000250,16000251",""
"1600030","复生复活","16000300,16000301,16000302,16000303",""
"1600031","复生加血","16000310",""
"1600040","心灵之火1","16000400,16000401,16000402,16000403",""
"1600041","心灵之火2","16000410,16000411,16000412",""
"1600042","心灵之火3","16000420,16000421,16000422",""
"1600043","心灵之火4","16000430,16000431,16000432",""
"1600044","心灵之火5","16000440,16000441,16000442",""
"1600045","心灵之火6","16000450,16000451,16000452",""
"1600046","心灵之火7","16000460,16000461,16000462",""
"1600050","神圣救赎","16000500,16000501,16000502,16000503",""
"1600070","天定之国","16000700,16000701,16000702,16000703",""
"1600071","天定之国虚弱休息","16000710",""
"1610010","闪电链1","16100100,16100101,16100102,16100103,16100104",""
"1610011","闪电链2","16100110,16100111,16100112",""
"1610012","闪电链3","16100120,16100121,16100122",""
"1610013","闪电链4","16100130,16100131,16100132",""
"1610014","闪电链5","16100140,16100141,16100142",""
"1610015","闪电链6","16100150,16100151,16100152",""
"1610020","治疗图腾","16100200,16100201,16100202",""
"1610030","闪电箭","16100300,16100301,16100302,16100303,16100304,16100305,16100306",""
"1610040","先祖之魂复活","16100400,16100401,16100402,16100403",""
"1610041","先祖之魂加血","16100410",""
"1610050","狂热图腾","16100500,16100501,16100502",""
"1610070","风暴轰击","16100700,16100701,16100702",""
"1610071","风暴轰击虚弱休息","16100710",""
"1610130","治疗图腾（光环）","16101300,16101301,16101302,16101303",""
"1620010","淬毒刀扇1","16200100,16200101,16200102,16200103,16200104,16200105,16200106,16200107","16200100,16200101,16200102,16200103,16200104,16200105,16200106,16200107"
"1620011","淬毒刀扇2","16200110,16200111,16200112,16200113,16200114,16200115","16200110,16200111,16200112,16200113,16200114,16200115"
"1620012","淬毒刀扇3","16200120,16200121,16200122,16200123,16200124,16200125","16200120,16200121,16200122,16200123,16200124,16200125"
"1620013","淬毒刀扇4","16200130,16200131,16200132,16200133,16200134,16200135","16200130,16200131,16200132,16200133,16200134,16200135"
"1620014","淬毒刀扇现身","16200140,16200141","16200140,16200141"
"1620015","淬毒刀扇首目标上毒","16200150","16200150"
"1620016","淬毒刀扇上毒加星","16200160","16200160"
"1620020","穿刺影袭","16200200,16200201,16200202,16200203,16200204,16200205,16200206","16200200,16200201,16200202,16200203,16200204,16200205,16200206"
"1620021","穿刺影袭加星","16200210,16200211","16200210,16200211"
"1620030","剔骨1","16200300,16200301,16200302,16200303,16200304,16200305,16200306","16200300,16200301,16200302,16200303,16200304,16200305,16200306"
"1620031","剔骨2","16200310,16200311,16200312,16200313,16200314,16200315,16200316","16200310,16200311,16200312,16200313,16200314,16200315,16200316"
"1620032","剔骨3","16200320,16200321,16200322,16200323,16200324,16200325,16200326","16200320,16200321,16200322,16200323,16200324,16200325,16200326"
"1620132","剔骨3消耗连击点","16201320","16201320"
"1620033","剔骨4","16200330,16200331,16200332,16200333,16200334,16200335,16200336","16200330,16200331,16200332,16200333,16200334,16200335,16200336"
"1620133","剔骨4消耗连击点","16201330","16201330"
"1620034","剔骨5","16200340,16200341,16200342,16200343,16200344,16200345,16200346","16200340,16200341,16200342,16200343,16200344,16200345,16200346"
"1620134","剔骨5消耗连击点","16201340","16201340"
"1620035","剔骨虚弱休息","16200350,16200351","16200350,16200351"
"1620040","潜行","16200400,16200401,16200402","16200400,16200401,16200402"
"1620050","闷棍","16200500,16200501,16200502,16200503,16200504,16200505,16200506,16200507,16200508","16200500,16200501,16200502,16200503,16200504,16200505,16200506,16200507,16200508"
"1620051","闷棍虚弱休息","16200510,16200511","16200510,16200511"
"1620052","闷棍扣血","16200520","16200520"
"1620070","杀戮盛宴1","16200700,16200701,16200702,16200703,16200704,16200705","16200700,16200701,16200702,16200703,16200704,16200705"
"1620071","杀戮盛宴2","16200710,16200711,16200712,16200713,16200714","16200710,16200711,16200712,16200713,16200714"
"1620072","杀戮盛宴3","16200720,16200721,16200722,16200723,16200724","16200720,16200721,16200722,16200723,16200724"
"1620073","杀戮盛宴4","16200730,16200731,16200732,16200733,16200734","16200730,16200731,16200732,16200733,16200734"
"1620074","杀戮盛宴5","16200740,16200741,16200742,16200743,16200744","16200740,16200741,16200742,16200743,16200744"
"1620075","杀戮盛宴6","16200750,16200751,16200752,16200753,16200754","16200750,16200751,16200752,16200753,16200754"
"1620076","杀戮盛宴7","16200760,16200761,16200762,16200763,16200764","16200760,16200761,16200762,16200763,16200764"
"16200770","杀戮盛宴8","16200770,16200771,16200772,16200773,16200774","16200770,16200771,16200772,16200773,16200774"
"16200771","杀戮盛宴9","162007710,162007711,162007712,162007713,162007714","162007710,162007711,162007712,162007713,162007714"
"16201770","杀戮盛宴8消耗连击点","162017700","162017700"
"16200772","杀戮盛宴10","162007720,162007721,162007722,162007723,162007724","162007720,162007721,162007722,162007723,162007724"
"16200773","杀戮盛宴11","162007730,162007731,162007732,162007733,162007734","162007730,162007731,162007732,162007733,162007734"
"16201772","杀戮盛宴10消耗连击点","162017720","162017720"
"16200774","杀戮盛宴12","162007740,162007741,162007742,162007743,162007744","162007740,162007741,162007742,162007743,162007744"
"16200775","杀戮盛宴13","162007750,162007751,162007752,162007753,162007754","162007750,162007751,162007752,162007753,162007754"
"16201774","杀戮盛宴12消耗连击点","162017740","162017740"
"1620078","杀戮盛宴虚弱休息","16200780","16200780"
"1630010","火焰之雨1","16300100,16300101,16300102,16300103",""
"1630011","火焰之雨2","16300110",""
"1630012","火焰之雨3","16300120",""
"1630013","火焰之雨4","16300130",""
"1630014","火焰之雨5","16300140",""
"1630015","火焰之雨6","16300150",""
"1630020","沉默诅咒","16300200,16300201,16300202",""
"1630030","生命虹吸上毒","16300300,16300301,16300302",""
"1630031","生命虹吸吸血","16300310,16300311",""
"1630040","恶魔降临","16300400,16300401,16300402",""
"1630050","虚弱诅咒1","16300500,16300501,16300502,16300503",""
"1630051","虚弱诅咒2","16300510,16300511,16300512",""
"1630052","虚弱诅咒3","16300520,16300521,16300522",""
"1630053","虚弱诅咒4","16300530,16300531,16300532",""
"1630054","虚弱诅咒5","16300540,16300541,16300542",""
"1630055","虚弱诅咒6","16300550,16300551,16300552",""
"1630056","虚弱诅咒7","16300560,16300561,16300562",""
"1630070","群魔乱舞1","16300700,16300701,16300702",""
"1630071","群魔乱舞2","16300710",""
"1630072","群魔乱舞3","16300720",
"1630073","群魔乱舞4","16300730",
"1630074","群魔乱舞5","16300740",
"1630075","群魔乱舞虚弱休息","16300750",
"1710060","新手无敌斩1","11000700,11000701,11000702",
"1710061","新手无敌斩2","11000710,11000711",
"1710062","新手无敌斩3","11000720,11000721",
"1710063","新手无敌斩4","11000730,11000731",
"1710064","新手无敌斩5","11000740,11000741",
"1710065","新手无敌斩6","11000750,11000751",
"1710066","新手无敌斩7","11000760,11000761",
"1710067","新手无敌斩8","11000770,11000771",
"1710068","新手无敌斩9","11000780,11000781",
"1710069","新手无敌斩虚弱休息","11000790",
"1720060","新手守护圣盾1","12000600,12000601,12000602",
"1720061","新手守护圣盾2","12000610,12000611",
"1720062","新手守护圣盾3","12000620,12000621",
"1720063","新手守护圣盾4","12000630,12000631",
"1720064","新手守护圣盾5","12000640,12000641",
"1720065","新手守护圣盾虚弱休息","12000650",
"1730060","新手奇美拉冲击1","13000700,13000701,13000702","13000700,13000701,13000702"
"1730061","新手奇美拉冲击2","13000710,13000711","13000710,13000711"
"1730062","新手奇美拉冲击3","13000720,13000721","13000720,13000721"
"1730063","新手奇美拉冲击4","13000730,13000731","13000730,13000731"
"1730064","新手奇美拉冲击5","13000740,13000741","13000740,13000741"
"1730065","新手奇美拉冲击虚弱休息","13000750","13000750"
"1740060","新手纠缠根须","14000700,14000701,14000702,14000703,14000704,14000705","14000700,14000701,14000702,14000703,14000704,14000705"
"1740061","新手纠缠根须减防","14000710","14000710"
"1740062","新手纠缠根须PVE伤害","14000720","14000720"
"1740063","新手纠缠根须虚弱休息","14000730","14000730"
"1750060","新手烈焰风暴","15000700,15000701,15000702",
"1750061","新手烈焰风暴虚弱休息","15000710",
"1760060","新手天定之国","16000700,16000701,16000702,16000703",
"1760061","新手天定之国虚弱休息","16000710",
"1770070","风暴轰击","16100700,16100701,16100702",
"1770071","风暴轰击虚弱休息","16100710",
"1780070","杀戮盛宴1","16200700,16200701,16200702,16200703,16200704,16200705","16200700,16200701,16200702,16200703,16200704,16200705"
"1780071","杀戮盛宴2","16200710,16200711,16200712,16200713,16200714","16200710,16200711,16200712,16200713,16200714"
"1780072","杀戮盛宴3","16200720,16200721,16200722,16200723,16200724","16200720,16200721,16200722,16200723,16200724"
"1780073","杀戮盛宴4","16200730,16200731,16200732,16200733,16200734","16200730,16200731,16200732,16200733,16200734"
"1780074","杀戮盛宴5","16200740,16200741,16200742,16200743,16200744","16200740,16200741,16200742,16200743,16200744"
"1780075","杀戮盛宴6","16200750,16200751,16200752,16200753,16200754","16200750,16200751,16200752,16200753,16200754"
"1780076","杀戮盛宴7","16200760,16200761,16200762,16200763,16200764","16200760,16200761,16200762,16200763,16200764"
"17800770","杀戮盛宴8","16200770,16200771,16200772,16200773,16200774","16200770,16200771,16200772,16200773,16200774"
"17800771","杀戮盛宴9","162007710,162007711,162007712,162007713,162007714","162007710,162007711,162007712,162007713,162007714"
"17800772","杀戮盛宴10","162007720,162007721,162007722,162007723,162007724","162007720,162007721,162007722,162007723,162007724"
"17800773","杀戮盛宴11","162007730,162007731,162007732,162007733,162007734","162007730,162007731,162007732,162007733,162007734"
"17800774","杀戮盛宴12","162007740,162007741,162007742,162007743,162007744","162007740,162007741,162007742,162007743,162007744"
"17800775","杀戮盛宴13","162007750,162007751,162007752,162007753,162007754","162007750,162007751,162007752,162007753,162007754"
"1780078","杀戮盛宴虚弱休息","16200780","16200780"
"1790070","群魔乱舞1","16300700,16300701,16300702",
"1790071","群魔乱舞2","16300710",
"1790072","群魔乱舞3","16300720",
"1790073","群魔乱舞4","16300730",
"1790074","群魔乱舞5","16300740",
"1790075","群魔乱舞虚弱休息","16300750",
"1800000","冰箭","18000000,18000001,18000003,18000004",""
"1800250","吐息","18002500,18002501,18002502,18002503",
"1800010","新手boss三连1","11000300,11000301,11000302,11000303,11000304",""
"1800011","新手boss三连2","11000310,11000311,11000312,11000313,11000314",""
"1800012","新手boss三连3","11000320,11000321,11000322,11000323,11000324",""
"1800013","新手boss三连休息","11000330,11000331",""
"1800020","剧情boss单体物理秒杀","11000400,11000401,11000402,11000403,11000404","11000400,11000401,11000402,11000403,11000405"
"1800030","剧情boss单体法系秒杀","15000200,15000201,15000202","15000200,15000201,15000203"
"1800040","剧情bossAOE法系秒杀","18000000,18000001,18000002,18000003,18000004","18000000,18000001,18000002,18000003,18000004"
"1800050","新手幻影冲锋1","11000100,11000101,11000102,11000103,11000104,11000105,11000106,11000107",
"1800051","新手幻影冲锋2","11000110,11000111,11000112,11000113,11000114,11000115",
"1800052","新手幻影冲锋3","11000120,11000121,11000122,11000123,11000124,11000125",
"1800053","新手幻影冲锋4","11000130,11000131,11000132,11000133,11000134,11000135",
"1800054","新手幻影冲锋5现身","11000140",
"1800060","新手审判之锤1","12000100,12000101,12000102,12000103,12000104,12000105,12000106",
"1800061","新手审判之锤2","12000110,12000111,12000112,12000113,12000114",
"1800062","新手审判之锤3","12000120,12000121,12000122,12000123,12000124",
"1800063","新手审判之锤4","12000130,12000131,12000132,12000133,12000134",
"1800064","新手审判之锤5","12000140,12000141,12000142,12000143,12000144",
"1800065","新手审判之锤6","12000150,12000151,12000152,12000153,12000154",
"1800066","新手审判之锤净化首目标","12000160",
"1800070","新手多重打击1","13000100,13000101,13000102,13000103,13000104","13000100,13000101,13000102,13000103,13000104,13000105,13000106"
"1800071","新手多重打击2","13000110,13000111,13000112,13000113,13000114","13000110,13000111,13000112,13000113,13000114,13000115,13000116"
"1800072","新手多重打击3","13000120,13000121,13000122,13000123,13000124","13000120,13000121,13000122,13000123,13000124,13000125,13000126"
"1800073","新手多重打击4","13000130,13000131,13000132,13000133,13000134","13000130,13000131,13000132,13000133,13000134,13000135,13000136"
"1800074","新手多重打击5","13000140,13000141,13000142,13000143,13000144","13000140,13000141,13000142,13000143,13000144,13000145,13000146"
"1800075","新手多重打击6","13000150,13000151,13000152,13000153,13000154","13000150,13000151,13000152,13000153,13000154,13000155,13000156"
"1800076","新手多重打击虚弱休息","13000160,13000161","13000160"
"1800080","新手撕裂横扫1","14000100,14000101,14000102,14000103,14000104,14000105,14000106,14000107","14000100,14000101,14000102,14000103,14000104,14000105,14000106,14000107"
"1800081","新手撕裂横扫2","14000110,14000111,14000112,14000113,14000114","14000110,14000111,14000112,14000113,14000114"
"1800082","新手撕裂横扫3","14000120,14000121,14000122,14000123,14000124","14000120,14000121,14000122,14000123,14000124"
"1800083","新手撕裂横扫4","14000130,14000131,14000132,14000133,14000134","14000130,14000131,14000132,14000133,14000134"
"1800084","新手撕裂横扫5","14000140,14000141,14000142,14000143,14000144","14000140,14000141,14000142,14000143,14000144"
"1800085","新手撕裂横扫6","14000150,14000151,14000152,14000153,14000154","14000150,14000151,14000152,14000153,14000154"
"1800086","新手撕裂横扫虚弱休息","14000160,14000161,14000162","14000160,14000161,14000162"
"1800090","新手暴风雪1","15000100,15000101,15000102,15000103",
"1800091","新手暴风雪2","15000110,15000111,15000112",
"1800092","新手暴风雪3","15000120,15000121,15000122",
"1800093","新手暴风雪4","15000130,15000131,15000132",
"1800094","新手暴风雪5","15000140,15000141,15000142",
"1800095","新手暴风雪6","15000150,15000151,15000152",
"1800096","新手暴风雪7","15000160,15000161,15000162",
"1800100","新手神圣新星1","16000100,16000101,16000102",
"1800101","新手神圣新星2","16000110,16000111",
"1800102","新手神圣新星3","16000120,16000121",
"1800103","新手神圣新星4","16000130,16000131",
"1800104","新手神圣新星5","16000140,16000141",
"1800105","新手神圣新星6","16000150,16000151",
"1800110","怪物三控","12000300,12000301,12000302,12000303,12000304,12000305,12000306",""
"1800120","剧情单体残血（90%）","15000200,15000201,15000202,15000203",""
"1800130","剧情全体残血（90%）","15000100,15000101,15000102,15000103",
"1800140","剧情单体无伤害技能","15000100,15000101,15000102,15000103",""
"1800150","剧情全体无伤害技能","15000700,15000701,15000702",""
"1800160","剧情单体加满血技能","16000200,16000201,16000202",""
"1800170","剧情群体加满血技能","16000200,16000201,16000202",""
"1800180","剧情群体复活","16000300,16000301,16000302,16000303",""
"1800181","剧情群体复活加血","16000310",""
"2070010","烈火","20700100,20700101,20700102",""
"2070020","霜冻","20700200,20700201,20700202",""
"2070030","陨石","20700300,20700301,20700302",""
"2070040","雷击","20700400,20700401,20700402",""
"2070050","地狱烈火1","20700500,20700501,20700502",""
"2070051","地狱烈火2","20700510,20700511",""
"2070052","地狱烈火3","20700520,20700521",""
"2070060","霜冻新星1","20700600,20700601,20700602,20700603",""
"2070061","霜冻新星2","20700610",""
"2070062","霜冻新星3","20700620",""
"2070070","天崩地裂1","20700700,20700701,20700702",""
"2070071","天崩地裂2","20700710",""
"2070072","天崩地裂3","20700720",""
"2070080","雷神之怒1","20700800,20700801,20700802",""
"2070081","雷神之怒2","20700810,20700811",""
"2070082","雷神之怒3","20700820,20700821",""
"2070090","壁垒击破","20700900,20700901,20700902,20700903,20700904",
"2070100","剑舞1","20701000,20701001,20701002,20701003,20701004,20701005,20701006,20701007",
"2070101","剑舞2","20701010,20701011,20701012,20701013,20701014,20701015",
"2070102","剑舞3","20701020,20701021,20701022,20701023,20701024,20701025",
"2070103","剑舞归位","20701030",
"2070110","舍命击打击","20701100,20701101,20701102,20701103,20701104",
"2070111","舍命击反噬","20701110",
"2070120","散失之刃","20701200,20701201,20701202,20701203",
"2070130","英勇打击","20701300,20701301,20701302,20701303",
"2070140","灵魂禁锢","20701400,20701401,20701402,20701403",
"2070150","法力燃烧1","20701500,20701501,20701502,20701503",
"2070151","法力燃烧2","20701510,20701511",
"2070152","法力燃烧3","20701520,20701521",
"2070153","法力燃烧给主人蓝","20701530",
"2070160","法术否定","20701600,20701601,20701602,20701603",
"2070170","隐身主动","20701700,20701701",""
"2070180","高级隐身主动","20701800,20701801",""
"4200010","治愈术","42000100,42000101,42000102","42000100,42000101,42000102"
"4200020","滋润术","42000200,42000201,42000202","42000200,42000201,42000202"
"4200030","祝福术","42000300,42000301,42000302","42000300,42000301,42000302"
"4200040","凝气术","42000400,42000401,42000402","42000400,42000401,42000402"
"4200050","凝神术","42000500,42000501,42000502","42000500,42000501,42000502"
"4200060","活血术","42000600,42000601,42000602","42000600,42000601,42000602"
"4200070","命归术","42000700,42000701,42000702","42000700,42000701,42000702"
"4200080","宁静之雨","42000800,42000801,42000802","42000800,42000801,42000802"
"4200090","复活术0","42000900,42000901,42000902,42000903","42000900,42000901,42000902,42000903"
"4200091","复活术1","42000910","42000910"
"4200100","还魂术0","42001000,42001001,42001002,42001003","42001000,42001001,42001002,42001003"
"4200101","还魂术1","42001010","42001010"
"4200110","绝望赞歌复活","42001100,42001101,42001102,42001103","42001100,42001101,42001102,42001103"
"4200111","绝望赞歌加血","42001110","42001110"
"4200112","绝望赞歌自残","42001120","42001120"
"4200120","净化术","42001200,42001201,42001202,42001203","42001200,42001201,42001202,42001203"
"4200130","清心术","42001300,42001301,42001302,42001303","42001300,42001301,42001302,42001303"
"4200140","气定神闲","42001400,42001401,42001402,42001403","42001400,42001401,42001402,42001403"
"4200150","氤氲神祗","42001500,42001501,42001502,42001503","42001500,42001501,42001502,42001503"
"4200160","诬陷术","42001600,42001601,42001602,42001603","42001600,42001601,42001602,42001603"
"4200170","鼓舞术","42001700,42001701,42001702,42001703","42001700,42001701,42001702,42001703"
"4200180","魔兽之印","42001800,42001801,42001802,42001803","42001800,42001801,42001802,42001803"
"4200190","震慑术","42001900,42001901,42001902","42001900,42001901,42001902"
"4200200","雷霆怒吼","42002000,42002001,42002002","42002000,42002001,42002002"
"4200210","固甲术","42002100,42002101,42002102,42002103","42002100,42002101,42002102,42002103"
"4200220","圣灵之甲","42002200,42002201,42002202,42002203","42002200,42002201,42002202,42002203"
"4200230","破甲术","42002300,42002301,42002302","42002300,42002301,42002302"
"4200240","破碎无双","42002400,42002401,42002402","42002400,42002401,42002402"
"4200250","疾风术","42002500,42002501,42002502,42002503","42002500,42002501,42002502,42002503"
"4200260","幽灵疾步","42002600,42002601,42002602,42002603","42002600,42002601,42002602,42002603"
"4200270","凝滞术","42002700,42002701,42002702","42002700,42002701,42002702"
"4200280","惰性剧变","42002800,42002801,42002802","42002800,42002801,42002802"
"4200290","法术护盾","42002900,42002901,42002902,42002903","42002900,42002901,42002902,42002903"
"4200300","虚空结界","42003000,42003001,42003002,42003003","42003000,42003001,42003002,42003003"
"4200310","破血狂攻0","42003100,42003101,42003102,42003103,42003104","42003100,42003101,42003102,42003103,42003104"
"4200311","破血狂攻1","42003110,42003111,42003112,42003113,42003114","42003110,42003111,42003112,42003113,42003114"
"4200320","弱点击破","42003200,42003201,42003202,42003203,42003204","42003200,42003201,42003202,42003203,42003204"
"4200330","散失之刃","42003300,42003301,42003302,42003303,42003304","42003300,42003301,42003302,42003303,42003304"
"1800190","阿迦玛甘之佑","16000400,16000401,16000402,16000403",""
"1800200","阿迦玛甘之力","16000200,16000201,16000202",""
"1800210","阿迦玛甘之怒","11000310,11000311,11000312",""
"1800220","超电磁炮","15000100,15000101,15000102,15000103",""
"1800230","落雷","16000100,16000101,16000102",""
"1800240","暴风雪","15000100,15000101,15000102,15000103",""
"1810010","睡眠","18100100,18100101",""
"1800300","公会副本（演示）冰箭","15000100,15000101,15000102,15000103",""
"1800310","公会副本（演示）冰龙","18002500,18002501,18002502,18002503,18002504",""
"1800320","暴风雪","15000100,15000101,15000102,15000103",""
"1900000","冰封王座自爆80%血","19000000,19000001,19000002",""
"1900001","冰封王座自爆后对敌方所有80%血","19000010,19000011,19000012",""
"1820010","公会副本熔火之心-加攻击10%","13000000,13000001,13000002",""
"1820020","公会副本熔火之心-加攻击20%","13000000,13000001,13000002",""
"1820030","公会副本熔火之心-加攻击30%","13000000,13000001,13000002",""
"1820040","公会副本熔火之心-加攻击40%","13000000,13000001,13000002",""
"1820050","公会副本熔火之心-加攻击50%","13000000,13000001,13000002",""
"1820060","公会副本熔火之心-加攻击60%","13000000,13000001,13000002",""
"1820101","公会副本熔火之心-爆后对敌方所有5%","19000010,19000011,19000012",""
"1820110","公会副本熔火之心-自爆100%","19000000,19000001,19000002",""
"1820111","公会副本熔火之心-爆后对敌方所有10%","19000010,19000011,19000012",""
"1820120","公会副本熔火之心-自爆100%","19000000,19000001,19000002",""
"1820121","公会副本熔火之心-爆后对敌方所有20%","19000010,19000011,19000012",""
"1820130","公会副本熔火之心-自爆100%","19000000,19000001,19000002",""
"1820131","公会副本熔火之心-爆后对敌方所有50%","19000010,19000011,19000012",""
"1830000","冠军试炼-双封","16300200,16300201,16300202",""
"1910000","狩猎姿态","19100000,19100001,19100002","13000000,13000001,13000002"
"1910010","多重打击1","19100100,19100101,19100102,19100103,19100104","13000100,13000101,13000102,13000103,13000104,13000105,13000106"
"1910011","多重打击2","19100110,19100111,19100112,19100113,19100114","13000110,13000111,13000112,13000113,13000114,13000115,13000116"
"1910012","多重打击3","19100120,19100121,19100122,19100123,19100124","13000120,13000121,13000122,13000123,13000124,13000125,13000126"
"1910013","多重打击4","19100130,19100131,19100132,19100133,19100134","13000130,13000131,13000132,13000133,13000134,13000135,13000136"
"1910014","多重打击5","19100140,19100141,19100142,19100143,19100144","13000140,13000141,13000142,13000143,13000144,13000145,13000146"
"1910015","多重打击6","19100150,19100151,19100152,19100153,19100154","13000150,13000151,13000152,13000153,13000154,13000155,13000156"
"1910016","多重打击虚弱休息","19100160,19100161","13000160"
"1910020","穿刺打击","19100200,19100201,19100202,19100203,19100204","13000200,13000201,13000202,13000203,13000204,13000205,13000206"
"1910030","野性召唤","19100300,19100301,19100302,19100303","13000300,13000301,13000302,19100303"
"1910040","生命献祭1","19100400,19100401,19100402","13000400,13000401,13000402"
"1910041","生命献祭2","19100410,19100411,19100412","19100410,19100411,19100412"
"1910050","精准打击1","19100500,19100501,19100502,19100503,19100504","13000500,13000501,13000502,13000503,13000504,13000505,13000506"
"1910051","精准打击2","19100510,19100511,19100512,19100513,19100514","13000510,13000511,13000512,13000513,13000514,13000515"
"1910052","精准打击3","19100520,19100521,19100522,19100523,19100524","13000520,13000521,13000522,13000523,13000524,13000525"
"1910053","精准打击4","19100530,19100531,19100532,19100533,19100534","13000530,13000531,13000532,13000533,13000534,13000535"
"1910054","精准打击5","19100540,19100541,19100542,19100543,19100544","13000540,13000541,13000542,13000543,13000544,13000545"
"1910055","精准打击6","19100550,19100551,19100552,19100553,19100554","13000550,13000551,13000552,13000553,13000554,13000555"
"1910056","精准打击虚弱休息","19100560,19100561","13000560"
"1910070","奇美拉冲击1","19100700,19100701,19100702","13000700,13000701,13000702"
"1910071","奇美拉冲击2","19100710,19100711","13000710,13000711"
"1910072","奇美拉冲击3","19100720,19100721","13000720,13000721"
"1910073","奇美拉冲击4","19100730,19100731","13000730,13000731"
"1910074","奇美拉冲击5","19100740,19100741","13000740,13000741"
"1910075","奇美拉冲击虚弱休息","19100750","13000750"
"7110010","幻影冲锋1","11000100,11000101,11000102,11000103,11000104,11000105,11000106,11000107",
"7110011","幻影冲锋2","11000110,11000111,11000112,11000113,11000114,11000115",
"7110012","幻影冲锋3","11000120,11000121,11000122,11000123,11000124,11000125",
"7110013","幻影冲锋4","11000130,11000131,11000132,11000133,11000134,11000135",
"7110014","幻影冲锋5现身","11000140",
"7110015","幻影冲锋回血","11100100",
"7110020","挫志怒吼1","11000200,11000201,11000202,11000203,11000204,11000205",
"7110021","挫志怒吼2","11000210",
"7110022","挫志怒吼3","11000220",
"7110023","挫志怒吼4","11000230",
"7110024","嘲讽回血","11100200",
"7110030","毁灭打击1","11000300,11000301,11000302,11000303,11000304",
"7110031","毁灭打击2","11000310,11000311,11000312,11000313,11000314",
"7110032","毁灭打击3","11000320,11000321,11000322,11000323,11000324",
"7110033","毁灭打击虚弱休息","11000330,11000331",
"7110034","毁灭打击回血","11100300",
"7110040","蓄力猛击之蓄力1","11000400",
"7110041","蓄力猛击之蓄力2","11000410,11000411,11000412",
"7110060","破甲","11000500,11000501,11000502,11000503,11000504",
"7110061","破甲回血","11100400",
"7110070","蓄力猛击之冲锋","11001100,11001101,11001102,11001103,11001104",
"7110071","猛击完驱散蓄力","11001110",
"7110072","蓄力猛击回血","11100500",
"7120010","幻影冲锋1","11000100,11000101,11000102,11000103,11000104,11000105,11000106,11000107",
"7120011","幻影冲锋2","11000110,11000111,11000112,11000113,11000114,11000115",
"7120012","幻影冲锋3","11000120,11000121,11000122,11000123,11000124,11000125",
"7120013","幻影冲锋4","11000130,11000131,11000132,11000133,11000134,11000135",
"7120014","幻影冲锋5现身","11000140",
"7120020","挫志怒吼1","11000200,11000201,11000202,11000203,11000204,11000205",
"7120021","挫志怒吼2","11000210",
"7120022","挫志怒吼3","11000220",
"7120023","挫志怒吼4","11000230",
"7120030","毁灭打击1","11000300,11000301,11000302,11000303,11000304",
"7120031","毁灭打击2","11000310,11000311,11000312,11000313,11000314",
"7120032","毁灭打击3","11000320,11000321,11000322,11000323,11000324",
"7120033","毁灭打击4","11100600,11100601,11100602,11100603,11100604",
"7120034","毁灭打击虚弱休息","11000330,11000331",
"7120040","蓄力猛击之蓄力1","11000400",
"7120041","蓄力猛击之蓄力2","11000410,11000411,11000412",
"7120060","破甲","11000500,11000501,11000502,11000503,11000504",
"7120070","蓄力猛击之冲锋","11001100,11001101,11001102,11001103,11001104",
"7120071","猛击完驱散蓄力","11001110",
"7130010","幻影冲锋1","11000100,11000101,11000102,11000103,11000104,11000105,11000106,11000107",
"7130011","幻影冲锋2","11000110,11000111,11000112,11000113,11000114,11000115",
"7130012","幻影冲锋3","11000120,11000121,11000122,11000123,11000124,11000125",
"7130013","幻影冲锋4","11000130,11000131,11000132,11000133,11000134,11000135",
"7130014","幻影冲锋5现身","11000140",
"7130020","挫志怒吼1","11000200,11000201,11000202,11000203,11000204,11000205",
"7130021","挫志怒吼2","11000210",
"7130022","挫志怒吼3","11000220",
"7130023","挫志怒吼4","11000230",
"7130030","毁灭打击1","11000300,11000301,11000302,11000303,11000304",
"7130031","毁灭打击2","11000310,11000311,11000312,11000313,11000314",
"7130032","毁灭打击3","11000320,11000321,11000322,11000323,11000324",
"7130033","毁灭打击虚弱休息","11000330,11000331",
"7130040","蓄力猛击之蓄力1","11000400",
"7130041","蓄力猛击之蓄力2","11000410,11000411,11000412",
"7130060","破甲","11000500,11000501,11000502,11000503,11000504",
"7130070","蓄力猛击之冲锋","11001100,11001101,11001102,11001103,11001104",
"7130071","猛击完驱散蓄力","11001110",
"7140010","幻影冲锋1","11000100,11000101,11000102,11000103,11000104,11000105,11000106,11000107",
"7140011","幻影冲锋2","11000110,11000111,11000112,11000113,11000114,11000115",
"7140012","幻影冲锋3","11000120,11000121,11000122,11000123,11000124,11000125",
"7140013","幻影冲锋4","11000130,11000131,11000132,11000133,11000134,11000135",
"7140014","幻影冲锋5现身","11000140",
"7140020","挫志怒吼1","11000200,11000201,11000202,11000203,11000204,11000205",
"7140021","挫志怒吼2","11000210",
"7140022","挫志怒吼3","11000220",
"7140023","挫志怒吼4","11000230",
"7140030","毁灭打击1","11000300,11000301,11000302,11000303,11000304",
"7140031","毁灭打击2","11000310,11000311,11000312,11000313,11000314",
"7140032","毁灭打击3","11000320,11000321,11000322,11000323,11000324",
"7140033","毁灭打击虚弱休息","11000330,11000331",
"7140040","蓄力猛击之蓄力1","11000400",
"7140041","蓄力猛击之蓄力2","11000410,11000411,11000412",
"7140060","破甲","11000500,11000501,11000502,11000503,11000504",
"7140070","蓄力猛击之冲锋","11001100,11001101,11001102,11001103,11001104",
"7140071","猛击完驱散蓄力","11001110",
"7210010","审判之锤1","12000100,12000101,12000102,12000103,12000104,12000105,12000106",
"7210011","审判之锤2","12000110,12000111,12000112,12000113,12000114",
"7210012","审判之锤3","12000120,12000121,12000122,12000123,12000124",
"7210013","审判之锤4","12000130,12000131,12000132,12000133,12000134",
"7210014","审判之锤5","12000140,12000141,12000142,12000143,12000144",
"7210015","审判之锤6","12000150,12000151,12000152,12000153,12000154",
"7210016","审判之锤净化首目标","12000160",
"7210020","无边定罪","12000200,12000201,12000202,12000203",
"7210021","无边定罪神圣伤害","12000210,12000211,12000212,12000213",
"7210030","复仇之盾1","12000300,12000301,12000302,12000303,12000304,12000305,12000306",
"7210031","复仇之盾2","12000310,12000311,12000312",
"7210032","复仇之盾3","12000320,12000321,12000322",
"7210033","复仇之盾4","12000330,12000331,12000332",
"7210040","圣光洗礼","12000400,12000401,12000402,12000403",
"7210050","神谕责难1","12000500,12000501,12000502,12000503",
"7210051","神谕责难2","12000510,12000511,12000512",
"7210052","神谕责难3","12000520,12000521,12000522",
"7210053","神谕责难4","12000530,12000531,12000532",
"7210054","神谕责难5","12000540,12000541,12000542",
"7210055","神谕责难6","12000550,12000551,12000552",
"7220010","审判之锤1","12000100,12000101,12000102,12000103,12000104,12000105,12000106",
"7220011","审判之锤2","12000110,12000111,12000112,12000113,12000114",
"7220012","审判之锤3","12000120,12000121,12000122,12000123,12000124",
"7220013","审判之锤4","12000130,12000131,12000132,12000133,12000134",
"7220014","审判之锤5","12000140,12000141,12000142,12000143,12000144",
"7220015","审判之锤6","12000150,12000151,12000152,12000153,12000154",
"7220016","审判之锤净化首目标","12000160",
"7220020","无边定罪","12000200,12000201,12000202,12000203",
"7220021","无边定罪神圣伤害","12000210,12000211,12000212,12000213",
"7220030","复仇之盾1","12000300,12000301,12000302,12000303,12000304,12000305,12000306",
"7220031","复仇之盾2","12000310,12000311,12000312",
"7220032","复仇之盾3","12000320,12000321,12000322",
"7220033","复仇之盾4","12000330,12000331,12000332",
"7220040","圣光洗礼","12000400,12000401,12000402,12000403",
"7220050","神谕责难1","12000500,12000501,12000502,12000503",
"7220051","神谕责难2","12000510,12000511,12000512",
"7220052","神谕责难3","12000520,12000521,12000522",
"7220053","神谕责难4","12000530,12000531,12000532",
"7220054","神谕责难5","12000540,12000541,12000542",
"7220055","神谕责难6","12000550,12000551,12000552",
"7230010","审判之锤1","12000100,12000101,12000102,12000103,12000104,12000105,12000106",
"7230011","审判之锤2","12000110,12000111,12000112,12000113,12000114",
"7230012","审判之锤3","12000120,12000121,12000122,12000123,12000124",
"7230013","审判之锤4","12000130,12000131,12000132,12000133,12000134",
"7230014","审判之锤5","12000140,12000141,12000142,12000143,12000144",
"7230015","审判之锤6","12000150,12000151,12000152,12000153,12000154",
"7230016","审判之锤净化首目标","12000160",
"7230020","无边定罪","12000200,12000201,12000202,12000203",
"7230021","无边定罪神圣伤害","12000210,12000211,12000212,12000213",
"7230030","复仇之盾1","12000300,12000301,12000302,12000303,12000304,12000305,12000306",
"7230031","复仇之盾2","12000310,12000311,12000312",
"7230032","复仇之盾3","12000320,12000321,12000322",
"7230033","复仇之盾4","12000330,12000331,12000332",
"7230040","圣光洗礼","12000400,12000401,12000402,12000403",
"7230050","神谕责难1","12000500,12000501,12000502,12000503",
"7230051","神谕责难2","12000510,12000511,12000512",
"7230052","神谕责难3","12000520,12000521,12000522",
"7230053","神谕责难4","12000530,12000531,12000532",
"7230054","神谕责难5","12000540,12000541,12000542",
"7230055","神谕责难6","12000550,12000551,12000552",
"7240010","审判之锤1","12000100,12000101,12000102,12000103,12000104,12000105,12000106",
"7240011","审判之锤2","12000110,12000111,12000112,12000113,12000114",
"7240012","审判之锤3","12000120,12000121,12000122,12000123,12000124",
"7240013","审判之锤4","12000130,12000131,12000132,12000133,12000134",
"7240014","审判之锤5","12000140,12000141,12000142,12000143,12000144",
"7240015","审判之锤6","12000150,12000151,12000152,12000153,12000154",
"7240016","审判之锤净化首目标","12000160",
"7240020","无边定罪","12000200,12000201,12000202,12000203",
"7240021","无边定罪神圣伤害","12000210,12000211,12000212,12000213",
"7240030","复仇之盾1","12000300,12000301,12000302,12000303,12000304,12000305,12000306",
"7240031","复仇之盾2","12000310,12000311,12000312",
"7240032","复仇之盾3","12000320,12000321,12000322",
"7240033","复仇之盾4","12000330,12000331,12000332",
"7240040","圣光洗礼","12000400,12000401,12000402,12000403",
"7240050","神谕责难1","12000500,12000501,12000502,12000503",
"7240051","神谕责难2","12000510,12000511,12000512",
"7240052","神谕责难3","12000520,12000521,12000522",
"7240053","神谕责难4","12000530,12000531,12000532",
"7240054","神谕责难5","12000540,12000541,12000542",
"7240055","神谕责难6","12000550,12000551,12000552",
"7310000","狩猎姿态","13000000,13000001,13000002","13000000,13000001,13000002"
"7310010","多重打击1","13000100,13000101,13000102,13000103,13000104,13000105,13000106","13000100,13000101,13000102,13000103,13000104,13000105,13000106"
"7310011","多重打击2","13000110,13000111,13000112,13000113,13000114,13000115,13000116","13000110,13000111,13000112,13000113,13000114,13000115,13000116"
"7310012","多重打击3","13000120,13000121,13000122,13000123,13000124,13000125,13000126","13000120,13000121,13000122,13000123,13000124,13000125,13000126"
"7310013","多重打击4","13000130,13000131,13000132,13000133,13000134,13000135,13000136","13000130,13000131,13000132,13000133,13000134,13000135,13000136"
"7310014","多重打击5","13000140,13000141,13000142,13000143,13000144,13000145,13000146","13000140,13000141,13000142,13000143,13000144,13000145,13000146"
"7310015","多重打击6","13000150,13000151,13000152,13000153,13000154,13000155,13000156","13000150,13000151,13000152,13000153,13000154,13000155,13000156"
"7310016","多重打击虚弱休息","13000160","13000160"
"7310017","美女野兽","13100100","13100100"
"7310020","穿刺打击","13000200,13000201,13000202,13000203,13000204,13000205,13000206","13000200,13000201,13000202,13000203,13000204,13000205,13000206"
"7310021","美女野兽","13100100","13100100"
"7310030","野性召唤","13000300,13000301,13000302,13000303","13000300,13000301,13000302,13000303"
"7310031","美女野兽","13100100","13100100"
"7310040","生命献祭1","13000400,13000401,13000402","13000400,13000401,13000402"
"7310041","生命献祭2","13000410,13000411,13000412","13000410,13000411,13000412"
"7310042","美女野兽","13100100","13100100"
"7310050","精准打击1","13000500,13000501,13000502,13000503,13000504,13000505,13000506,13000507","13000500,13000501,13000502,13000503,13000504,13000505,13000506,13000507"
"7310051","精准打击2","13000510,13000511,13000512,13000513,13000514,13000515,13000516","13000510,13000511,13000512,13000513,13000514,13000515,13000516"
"7310052","精准打击3","13000520,13000521,13000522,13000523,13000524,13000525,13000526","13000520,13000521,13000522,13000523,13000524,13000525,13000526"
"7310053","精准打击4","13000530,13000531,13000532,13000533,13000534,13000535,13000536","13000530,13000531,13000532,13000533,13000534,13000535,13000536"
"7310054","精准打击5","13000540,13000541,13000542,13000543,13000544,13000545,13000546","13000540,13000541,13000542,13000543,13000544,13000545,13000546"
"7310055","精准打击6","13000550,13000551,13000552,13000553,13000554,13000555,13000556","13000550,13000551,13000552,13000553,13000554,13000555,13000556"
"7310056","精准打击虚弱休息","13000560","13000560"
"7310057","美女野兽","13100100","13100100"
"7320000","狩猎姿态","13000000,13000001,13000002","13000000,13000001,13000002"
"7320010","多重打击1","13000100,13000101,13000102,13000103,13000104,13000105,13000106","13000100,13000101,13000102,13000103,13000104,13000105,13000106"
"7320011","多重打击2","13000110,13000111,13000112,13000113,13000114,13000115,13000116","13000110,13000111,13000112,13000113,13000114,13000115,13000116"
"7320012","多重打击3","13000120,13000121,13000122,13000123,13000124,13000125,13000126","13000120,13000121,13000122,13000123,13000124,13000125,13000126"
"7320013","多重打击4","13000130,13000131,13000132,13000133,13000134,13000135,13000136","13000130,13000131,13000132,13000133,13000134,13000135,13000136"
"7320014","多重打击5","13000140,13000141,13000142,13000143,13000144,13000145,13000146","13000140,13000141,13000142,13000143,13000144,13000145,13000146"
"7320015","多重打击6","13000150,13000151,13000152,13000153,13000154,13000155,13000156","13000150,13000151,13000152,13000153,13000154,13000155,13000156"
"7320016","多重打击虚弱休息","13000160","13000160"
"7320017","美女野兽","13100100","13100100"
"7320020","穿刺打击","13000200,13000201,13000202,13000203,13000204,13000205,13000206","13000200,13000201,13000202,13000203,13000204,13000205,13000206"
"7320021","美女野兽","13100100","13100100"
"7320030","野性召唤","13000300,13000301,13000302,13000303","13000300,13000301,13000302,13000303"
"7320031","美女野兽","13100100","13100100"
"7320040","生命献祭1","13000400,13000401,13000402","13000400,13000401,13000402"
"7320041","生命献祭2","13000410,13000411,13000412","13000410,13000411,13000412"
"7320042","美女野兽","13100100","13100100"
"7320050","精准打击1","13000500,13000501,13000502,13000503,13000504,13000505,13000506,13000507","13000500,13000501,13000502,13000503,13000504,13000505,13000506,13000507"
"7320051","精准打击2","13000510,13000511,13000512,13000513,13000514,13000515,13000516","13000510,13000511,13000512,13000513,13000514,13000515,13000516"
"7320052","精准打击3","13000520,13000521,13000522,13000523,13000524,13000525,13000526","13000520,13000521,13000522,13000523,13000524,13000525,13000526"
"7320053","精准打击4","13000530,13000531,13000532,13000533,13000534,13000535,13000536","13000530,13000531,13000532,13000533,13000534,13000535,13000536"
"7320054","精准打击5","13000540,13000541,13000542,13000543,13000544,13000545,13000546","13000540,13000541,13000542,13000543,13000544,13000545,13000546"
"7320055","精准打击6","13000550,13000551,13000552,13000553,13000554,13000555,13000556","13000550,13000551,13000552,13000553,13000554,13000555,13000556"
"7320056","精准打击虚弱休息","13000560","13000560"
"7320057","美女野兽","13100100","13100100"
"7330000","狩猎姿态","13000000,13000001,13000002","13000000,13000001,13000002"
"7330010","多重打击1","13000100,13000101,13000102,13000103,13000104,13000105,13000106","13000100,13000101,13000102,13000103,13000104,13000105,13000106"
"7330011","多重打击2","13000110,13000111,13000112,13000113,13000114,13000115,13000116","13000110,13000111,13000112,13000113,13000114,13000115,13000116"
"7330012","多重打击3","13000120,13000121,13000122,13000123,13000124,13000125,13000126","13000120,13000121,13000122,13000123,13000124,13000125,13000126"
"7330013","多重打击4","13100200,13100201,13100202,13100203,13100204,13100205,13100206","13100200,13100201,13100202,13100203,13100204,13100205,13100206"
"7330014","多重打击5","13000130,13000131,13000132,13000133,13000134,13000135,13000136","13000130,13000131,13000132,13000133,13000134,13000135,13000136"
"7330015","多重打击6","13000140,13000141,13000142,13000143,13000144,13000145,13000146","13000140,13000141,13000142,13000143,13000144,13000145,13000146"
"7330016","多重打击7","13000150,13000151,13000152,13000153,13000154,13000155,13000156","13000150,13000151,13000152,13000153,13000154,13000155,13000156"
"7330017","多重打击虚弱休息","13000160","13000160"
"7330018","美女野兽","13100100","13100100"
"7330020","穿刺打击","13000200,13000201,13000202,13000203,13000204,13000205,13000206","13000200,13000201,13000202,13000203,13000204,13000205,13000206"
"7330021","美女野兽","13100100","13100100"
"7330030","野性召唤","13000300,13000301,13000302,13000303","13000300,13000301,13000302,13000303"
"7330031","美女野兽","13100100","13100100"
"7330040","生命献祭1","13000400,13000401,13000402","13000400,13000401,13000402"
"7330041","生命献祭2","13000410,13000411,13000412","13000410,13000411,13000412"
"7330042","美女野兽","13100100","13100100"
"7330050","精准打击1","13000500,13000501,13000502,13000503,13000504,13000505,13000506,13000507","13000500,13000501,13000502,13000503,13000504,13000505,13000506,13000507"
"7330051","精准打击2","13000510,13000511,13000512,13000513,13000514,13000515,13000516","13000510,13000511,13000512,13000513,13000514,13000515,13000516"
"7330052","精准打击3","13000520,13000521,13000522,13000523,13000524,13000525,13000526","13000520,13000521,13000522,13000523,13000524,13000525,13000526"
"7330053","精准打击4","13000530,13000531,13000532,13000533,13000534,13000535,13000536","13000530,13000531,13000532,13000533,13000534,13000535,13000536"
"7330054","精准打击5","13000540,13000541,13000542,13000543,13000544,13000545,13000546","13000540,13000541,13000542,13000543,13000544,13000545,13000546"
"7330055","精准打击6","13000550,13000551,13000552,13000553,13000554,13000555,13000556","13000550,13000551,13000552,13000553,13000554,13000555,13000556"
"7330056","精准打击虚弱休息","13000560","13000560"
"7330057","美女野兽","13100100","13100100"
"7410010","撕裂横扫1","14000100,14000101,14000102,14000103,14000104,14000105,14000106,14000107","14000100,14000101,14000102,14000103,14000104,14000105,14000106,14000107"
"7410011","撕裂横扫2","14000110,14000111,14000112,14000113,14000114","14000110,14000111,14000112,14000113,14000114"
"7410012","撕裂横扫3","14000120,14000121,14000122,14000123,14000124","14000120,14000121,14000122,14000123,14000124"
"7410013","撕裂横扫4","14000130,14000131,14000132,14000133,14000134","14000130,14000131,14000132,14000133,14000134"
"7410014","撕裂横扫5","14000140,14000141,14000142,14000143,14000144","14000140,14000141,14000142,14000143,14000144"
"7410015","撕裂横扫6","14000150,14000151,14000152,14000153,14000154","14000150,14000151,14000152,14000153,14000154"
"7410016","撕裂横扫虚弱休息","14000160,14000161,14000162","14000160,14000161,14000162"
"7410020","绿之潮1","14000200,14000201,14000202,14000203,14000204","14000200,14000201,14000202,14000203,14000204"
"7410021","绿之潮2","14000210,14000211","14000210,14000211"
"7410022","绿之潮3","14000220,14000221","14000220,14000221"
"7410023","绿之潮4","14000230,14000231","14000230,14000231"
"7410024","绿之潮5","14100100,14100101","14100100,14100101"
"7410025","绿之潮6","14000240,14000241","14000240,14000241"
"7410026","绿之潮7","14000250,14000251","14000250,14000251"
"7410027","绿之潮8","14000260,14000261","14000260,14000261"
"7410030","黄昏花蕾","14000300,14000301,14000302,14000303,14000304,14000305","14000300,14000301,14000302,14000303,14000304,14000305"
"7410040","灵熊爪击1","14000400,14000401,14000402,14000403,14000404,14000405,14000406,14000407","14000400,14000401,14000402,14000403,14000404,14000405,14000406,14000407"
"7410041","灵熊爪击2","14000410,14000411,14000412,14000413,14000414","14000410,14000411,14000412,14000413,14000414"
"7410042","灵熊爪击3","14000420,14000421,14000422,14000423,14000424","14000420,14000421,14000422,14000423,14000424"
"7410043","灵熊爪击4","14000430,14000431,14000432,14000433,14000434","14000430,14000431,14000432,14000433,14000434"
"7410044","灵熊爪击5","14000440,14000441,14000442,14000443,14000444","14000440,14000441,14000442,14000443,14000444"
"7410045","灵熊爪击6","14000450,14000451,14000452,14000453,14000454","14000450,14000451,14000452,14000453,14000454"
"7410046","灵熊爪击虚弱休息","14000460,14000461,14000462","14000460,14000461,14000462"
"7410050","心灵之眼1","14000500,14000501,14000502,14000503,14000504,14000505","14000500,14000501,14000502,14000503,14000504,14000505"
"7410051","心灵之眼2","14000510,14000511,14000512","14000510,14000511,14000512"
"7410052","心灵之眼3","14000520,14000521,14000522","14000520,14000521,14000522"
"7410053","心灵之眼4","14000530,14000531,14000532","14000530,14000531,14000532"
"7410054","心灵之眼5","14000540,14000541,14000542","14000540,14000541,14000542"
"7410055","心灵之眼6","14000550,14000551,14000552","14000550,14000551,14000552"
"7420010","撕裂横扫1","14000100,14000101,14000102,14000103,14000104,14000105,14000106,14000107","14000100,14000101,14000102,14000103,14000104,14000105,14000106,14000107"
"7420011","撕裂横扫2","14000110,14000111,14000112,14000113,14000114","14000110,14000111,14000112,14000113,14000114"
"7420012","撕裂横扫3","14000120,14000121,14000122,14000123,14000124","14000120,14000121,14000122,14000123,14000124"
"7420013","撕裂横扫4","14000130,14000131,14000132,14000133,14000134","14000130,14000131,14000132,14000133,14000134"
"7420014","撕裂横扫5","14000140,14000141,14000142,14000143,14000144","14000140,14000141,14000142,14000143,14000144"
"7420015","撕裂横扫6","14000150,14000151,14000152,14000153,14000154","14000150,14000151,14000152,14000153,14000154"
"7420016","撕裂横扫虚弱休息","14000160,14000161,14000162","14000160,14000161,14000162"
"7420020","绿之潮1","14000200,14000201,14000202,14000203,14000204","14000200,14000201,14000202,14000203,14000204"
"7420021","绿之潮2","14000210,14000211","14000210,14000211"
"7420022","绿之潮3","14000220,14000221","14000220,14000221"
"7420023","绿之潮4","14000230,14000231","14000230,14000231"
"7420024","绿之潮5","14000240,14000241","14000240,14000241"
"7420025","绿之潮6","14000250,14000251","14000250,14000251"
"7420026","绿之潮7","14000260,14000261","14000260,14000261"
"7420030","黄昏花蕾","14000300,14000301,14000302,14000303,14000304,14000305","14000300,14000301,14000302,14000303,14000304,14000305"
"7420040","灵熊爪击1","14000400,14000401,14000402,14000403,14000404,14000405,14000406,14000407","14000400,14000401,14000402,14000403,14000404,14000405,14000406,14000407"
"7420041","灵熊爪击2","14000410,14000411,14000412,14000413,14000414","14000410,14000411,14000412,14000413,14000414"
"7420042","灵熊爪击3","14000420,14000421,14000422,14000423,14000424","14000420,14000421,14000422,14000423,14000424"
"7420043","灵熊爪击4","14000430,14000431,14000432,14000433,14000434","14000430,14000431,14000432,14000433,14000434"
"7420044","灵熊爪击5","14000440,14000441,14000442,14000443,14000444","14000440,14000441,14000442,14000443,14000444"
"7420045","灵熊爪击6","14000450,14000451,14000452,14000453,14000454","14000450,14000451,14000452,14000453,14000454"
"7420046","灵熊爪击虚弱休息","14000460,14000461,14000462","14000460,14000461,14000462"
"7420050","心灵之眼1","14000500,14000501,14000502,14000503,14000504,14000505","14000500,14000501,14000502,14000503,14000504,14000505"
"7420051","心灵之眼2","14000510,14000511,14000512","14000510,14000511,14000512"
"7420052","心灵之眼3","14000520,14000521,14000522","14000520,14000521,14000522"
"7420053","心灵之眼4","14000530,14000531,14000532","14000530,14000531,14000532"
"7420054","心灵之眼5","14000540,14000541,14000542","14000540,14000541,14000542"
"7420055","心灵之眼6","14000550,14000551,14000552","14000550,14000551,14000552"
"7430010","撕裂横扫1","14000100,14000101,14000102,14000103,14000104,14000105,14000106,14000107","14000100,14000101,14000102,14000103,14000104,14000105,14000106,14000107"
"7430011","撕裂横扫2","14000110,14000111,14000112,14000113,14000114","14000110,14000111,14000112,14000113,14000114"
"7430012","撕裂横扫3","14000120,14000121,14000122,14000123,14000124","14000120,14000121,14000122,14000123,14000124"
"7430013","撕裂横扫4","14000130,14000131,14000132,14000133,14000134","14000130,14000131,14000132,14000133,14000134"
"7430014","撕裂横扫5","14000140,14000141,14000142,14000143,14000144","14000140,14000141,14000142,14000143,14000144"
"7430015","撕裂横扫6","14000150,14000151,14000152,14000153,14000154","14000150,14000151,14000152,14000153,14000154"
"7430016","撕裂横扫虚弱休息","14000160,14000161,14000162","14000160,14000161,14000162"
"7430020","绿之潮1","14000200,14000201,14000202,14000203,14000204","14000200,14000201,14000202,14000203,14000204"
"7430021","绿之潮2","14000210,14000211","14000210,14000211"
"7430022","绿之潮3","14000220,14000221","14000220,14000221"
"7430023","绿之潮4","14000230,14000231","14000230,14000231"
"7430024","绿之潮5","14000240,14000241","14000240,14000241"
"7430025","绿之潮6","14000250,14000251","14000250,14000251"
"7430026","绿之潮7","14000260,14000261","14000260,14000261"
"7430030","黄昏花蕾","14000300,14000301,14000302,14000303,14000304,14000305","14000300,14000301,14000302,14000303,14000304,14000305"
"7430040","灵熊爪击1","14000400,14000401,14000402,14000403,14000404,14000405,14000406,14000407","14000400,14000401,14000402,14000403,14000404,14000405,14000406,14000407"
"7430041","灵熊爪击2","14000410,14000411,14000412,14000413,14000414","14000410,14000411,14000412,14000413,14000414"
"7430042","灵熊爪击3","14000420,14000421,14000422,14000423,14000424","14000420,14000421,14000422,14000423,14000424"
"7430043","灵熊爪击4","14000430,14000431,14000432,14000433,14000434","14000430,14000431,14000432,14000433,14000434"
"7430044","灵熊爪击5","14000440,14000441,14000442,14000443,14000444","14000440,14000441,14000442,14000443,14000444"
"7430045","灵熊爪击6","14000450,14000451,14000452,14000453,14000454","14000450,14000451,14000452,14000453,14000454"
"7430046","灵熊爪击虚弱休息","14000460,14000461,14000462","14000460,14000461,14000462"
"7430050","心灵之眼1","14000500,14000501,14000502,14000503,14000504,14000505","14000500,14000501,14000502,14000503,14000504,14000505"
"7430051","心灵之眼2","14000510,14000511,14000512","14000510,14000511,14000512"
"7430052","心灵之眼3","14000520,14000521,14000522","14000520,14000521,14000522"
"7430053","心灵之眼4","14000530,14000531,14000532","14000530,14000531,14000532"
"7430054","心灵之眼5","14000540,14000541,14000542","14000540,14000541,14000542"
"7430055","心灵之眼6","14000550,14000551,14000552","14000550,14000551,14000552"
"7510010","暴风雪1","15000100,15000101,15000102,15000103",
"7510011","暴风雪2","15000110,15000111,15000112",
"7510012","暴风雪3","15000120,15000121,15000122",
"7510013","暴风雪4","15000130,15000131,15000132",
"7510014","暴风雪5","15000140,15000141,15000142",
"7510015","暴风雪6","15000150,15000151,15000152",
"7510016","暴风雪7","15000160,15000161,15000162",
"7510017","神教奥义","15100100",
"7510020","奥术冲击","15000200,15000201,15000202,15000203",
"7510021","奥术冲击2","15100200,15100201,15100202,15100203",
"7510022","神教奥义","15100100",
"7510030","变形术","15000300,15000301,15000302,15000303,15000304,15000305",
"7510031","神教奥义","15100100",
"7510040","魔爆术","15000400,15000401,15000402,15000403",
"7510041","神教奥义","15100100",
"7510050","冰霜血脉","15000500,15000501,15000502",
"7510051","神教奥义","15100100",
"7520010","暴风雪1","15000100,15000101,15000102,15000103",
"7520011","暴风雪2","15000110,15000111,15000112",
"7520012","暴风雪3","15000120,15000121,15000122",
"7520013","暴风雪4","15000130,15000131,15000132",
"7520014","暴风雪5","15000140,15000141,15000142",
"7520015","暴风雪6","15000150,15000151,15000152",
"7520016","暴风雪7","15000160,15000161,15000162",
"7520020","奥术冲击","15000200,15000201,15000202,15000203",
"7520030","变形术","15000300,15000301,15000302,15000303,15000304,15000305",
"7520040","魔爆术","15000400,15000401,15000402,15000403",
"7520050","冰霜血脉","15000500,15000501,15000502",
"7530010","暴风雪1","15000100,15000101,15000102,15000103",
"7530011","暴风雪2","15000110,15000111,15000112",
"7530012","暴风雪3","15000120,15000121,15000122",
"7530013","暴风雪4","15000130,15000131,15000132",
"7530014","暴风雪5","15000140,15000141,15000142",
"7530015","暴风雪6","15000150,15000151,15000152",
"7530016","暴风雪7","15000160,15000161,15000162",
"7530020","奥术冲击","15000200,15000201,15000202,15000203",
"7530030","变形术","15000300,15000301,15000302,15000303,15000304,15000305",
"7530040","魔爆术","15000400,15000401,15000402,15000403",
"7530050","冰霜血脉","15000500,15000501,15000502",
"7540010","暴风雪1","15000100,15000101,15000102,15000103",
"7540011","暴风雪2","15000110,15000111,15000112",
"7540012","暴风雪3","15000120,15000121,15000122",
"7540013","暴风雪4","15000130,15000131,15000132",
"7540014","暴风雪5","15000140,15000141,15000142",
"7540015","暴风雪6","15000150,15000151,15000152",
"7540016","暴风雪7","15000160,15000161,15000162",
"7540020","奥术冲击","15000200,15000201,15000202,15000203",
"7540030","变形术","15000300,15000301,15000302,15000303,15000304,15000305",
"7540040","魔爆术","15000400,15000401,15000402,15000403",
"7540050","冰霜血脉","15000500,15000501,15000502",
"7610010","神圣新星1","16000100,16000101,16000102",
"7610011","神圣新星2","16000110,16000111",
"7610012","神圣新星3","16000120,16000121",
"7610013","神圣新星4","16000130,16000131",
"7610014","神圣新星5","16000140,16000141",
"7610015","神圣新星6","16000150,16000151",
"7610020","治疗祷言1","16000200,16000201,16000202",
"7610021","治疗祷言2","16000210,16000211",
"7610022","治疗祷言3","16000220,16000221",
"7610023","治疗祷言4","16000230,16000231",
"7610024","治疗祷言5","16000240,16000241",
"7610025","治疗祷言6","16000250,16000251",
"7610030","复生复活","16000300,16000301,16000302,16000303",
"7610031","复生加血","16010300,16010301,16010302",
"7610040","心灵之火1","16000400,16000401,16000402,16000403",
"7610041","心灵之火2","16000410,16000411,16000412",
"7610042","心灵之火3","16000420,16000421,16000422",
"7610043","心灵之火4","16000430,16000431,16000432",
"7610044","心灵之火5","16000440,16000441,16000442",
"7610045","心灵之火6","16000450,16000451,16000452",
"7610046","心灵之火7","16000460,16000461,16000462",
"7610050","神圣救赎","16000500,16000501,16000502,16000503",
"7620010","神圣新星1","16000100,16000101,16000102",
"7620011","神圣新星2","16000110,16000111",
"7620012","神圣新星3","16000120,16000121",
"7620013","神圣新星4","16000130,16000131",
"7620014","神圣新星5","16000140,16000141",
"7620015","神圣新星6","16000150,16000151",
"7620020","治疗祷言1","16000200,16000201,16000202",
"7620021","治疗祷言2","16000210,16000211",
"7620022","治疗祷言3","16000220,16000221",
"7620023","治疗祷言4","16000230,16000231",
"7620024","治疗祷言5","16000240,16000241",
"7620025","治疗祷言6","16000250,16000251",
"7620026","治疗祷言7","16010100,16010101",
"7620030","复生复活","16000300,16000301,16000302,16000303",
"7620031","复生加血","16000310",
"7620040","心灵之火1","16000400,16000401,16000402,16000403",
"7620041","心灵之火2","16000410,16000411,16000412",
"7620042","心灵之火3","16000420,16000421,16000422",
"7620043","心灵之火4","16000430,16000431,16000432",
"7620044","心灵之火5","16000440,16000441,16000442",
"7620045","心灵之火6","16000450,16000451,16000452",
"7620046","心灵之火7","16000460,16000461,16000462",
"7620050","神圣救赎","16000500,16000501,16000502,16000503",
"7630010","神圣新星1","16000100,16000101,16000102",
"7630011","神圣新星2","16000110,16000111",
"7630012","神圣新星3","16000120,16000121",
"7630013","神圣新星4","16000130,16000131",
"7630014","神圣新星5","16000140,16000141",
"7630015","神圣新星6","16000150,16000151",
"7630020","治疗祷言1","16000200,16000201,16000202",
"7630021","治疗祷言2","16000210,16000211",
"7630022","治疗祷言3","16000220,16000221",
"7630023","治疗祷言4","16000230,16000231",
"7630024","治疗祷言5","16000240,16000241",
"7630025","治疗祷言6","16000250,16000251",
"7630030","复生复活","16000300,16000301,16000302,16000303",
"7630031","复生加血","16000310",
"7630040","心灵之火1","16000400,16000401,16000402,16000403",
"7630041","心灵之火2","16000410,16000411,16000412",
"7630042","心灵之火3","16000420,16000421,16000422",
"7630043","心灵之火4","16000430,16000431,16000432",
"7630044","心灵之火5","16000440,16000441,16000442",
"7630045","心灵之火6","16000450,16000451,16000452",
"7630046","心灵之火7","16000460,16000461,16000462",
"7630050","神圣救赎","16000500,16000501,16000502,16000503",
"7640010","神圣新星1","16000100,16000101,16000102",
"7640011","神圣新星2","16000110,16000111",
"7640012","神圣新星3","16000120,16000121",
"7640013","神圣新星4","16000130,16000131",
"7640014","神圣新星5","16000140,16000141",
"7640015","神圣新星6","16000150,16000151",
"7640016","神圣新星回血","16010200",
"7640020","治疗祷言1","16000200,16000201,16000202",
"7640021","治疗祷言2","16000210,16000211",
"7640022","治疗祷言3","16000220,16000221",
"7640023","治疗祷言4","16000230,16000231",
"7640024","治疗祷言5","16000240,16000241",
"7640025","治疗祷言6","16000250,16000251",
"7640026","治疗祷言回血","16010200",
"7640030","复生复活","16000300,16000301,16000302,16000303",
"7640031","复生加血","16000310",
"7640032","复生回血","16010200",
"7640040","心灵之火1","16000400,16000401,16000402,16000403",
"7640041","心灵之火2","16000410,16000411,16000412",
"7640042","心灵之火3","16000420,16000421,16000422",
"7640043","心灵之火4","16000430,16000431,16000432",
"7640044","心灵之火5","16000440,16000441,16000442",
"7640045","心灵之火6","16000450,16000451,16000452",
"7640046","心灵之火7","16000460,16000461,16000462",
"7640047","心灵之火回血","16010200",
"7640050","神圣救赎","16000500,16000501,16000502,16000503",
"7640051","神圣救赎回血","16010200",
"7710010","闪电链1","16100100,16100101,16100102,16100103,16100104",
"7710011","闪电链2","16100110,16100111,16100112",
"7710012","闪电链3","16100120,16100121,16100122",
"7710013","闪电链4","16100130,16100131,16100132",
"7710014","闪电链5","16100140,16100141,16100142",
"7710015","闪电链6","16100150,16100151,16100152",
"7710020","治疗图腾（召唤）","16100200,16100201,16100202",
"7710030","闪电箭","16100300,16100301,16100302,16100303,16100304,16100305,16100306",
"7710040","先祖之魂复活","16100400,16100401,16100402,16100403",
"7710041","先祖之魂加血","16110200,16110201,16110202",
"7710050","狂热图腾（召唤）","16100500,16100501,16100502",
"7720010","闪电链1","16100100,16100101,16100102,16100103,16100104",
"7720011","闪电链2","16100110,16100111,16100112",
"7720012","闪电链3","16100120,16100121,16100122",
"7720013","闪电链4","16100130,16100131,16100132",
"7720014","闪电链5","16100140,16100141,16100142",
"7720015","闪电链6","16100150,16100151,16100152",
"7720020","治疗图腾（召唤）","16100200,16100201,16100202",
"7720030","闪电箭","16100300,16100301,16100302,16100303,16100304,16100305,16100306",
"7720040","先祖之魂复活","16100400,16100401,16100402,16100403",
"7720041","先祖之魂加血","16100410",
"7720050","狂热图腾（召唤）","16100500,16100501,16100502",
"7730010","闪电链1","16100100,16100101,16100102,16100103,16100104",
"7730011","闪电链2","16100110,16100111,16100112",
"7730012","闪电链3","16100120,16100121,16100122",
"7730013","闪电链4","16100130,16100131,16100132",
"7730014","闪电链5","16100140,16100141,16100142",
"7730015","闪电链6","16100150,16100151,16100152",
"7730020","治疗图腾（召唤）","16100200,16100201,16100202",
"7730030","闪电箭","16100300,16100301,16100302,16100303,16100304,16100305,16100306",
"7730040","先祖之魂复活","16100400,16100401,16100402,16100403",
"7730041","先祖之魂加血","16100410",
"7730050","狂热图腾（召唤）","16100500,16100501,16100502",
"7740010","闪电链1","16100100,16100101,16100102,16100103,16100104",
"7740011","闪电链2","16100110,16100111,16100112",
"7740012","闪电链3","16100120,16100121,16100122",
"7740013","闪电链4","16100130,16100131,16100132",
"7740014","闪电链5","16100140,16100141,16100142",
"7740015","闪电链6","16100150,16100151,16100152",
"7740016","闪电链7","16110100,16110101,16110102",
"7740017","闪电链8","16110110,16110111,16110112",
"7740020","治疗图腾（召唤）","16100200,16100201,16100202",
"7740030","闪电箭","16100300,16100301,16100302,16100303,16100304,16100305,16100306",
"7740040","先祖之魂复活","16100400,16100401,16100402,16100403",
"7740041","先祖之魂加血","16100410",
"7740050","狂热图腾（召唤）","16100500,16100501,16100502",
"7810010","淬毒刀扇1","16200100,16200101,16200102,16200103,16200104,16200105,16200106,16200107","16200100,16200101,16200102,16200103,16200104,16200105,16200106,16200107"
"7810011","淬毒刀扇2","16200110,16200111,16200112,16200113,16200114,16200115","16200110,16200111,16200112,16200113,16200114,16200115"
"7810012","淬毒刀扇3","16200120,16200121,16200122,16200123,16200124,16200125","16200120,16200121,16200122,16200123,16200124,16200125"
"7810013","淬毒刀扇4","16200130,16200131,16200132,16200133,16200134,16200135","16200130,16200131,16200132,16200133,16200134,16200135"
"7810014","淬毒刀扇现身","16200140,16200141","16200140,16200141"
"7810015","淬毒刀扇首目标上毒","16200150","16200150"
"7810016","淬毒刀扇上毒加星","16200160","16200160"
"7810020","穿刺影袭","16200200,16200201,16200202,16200203,16200204,16200205,16200206","16200200,16200201,16200202,16200203,16200204,16200205,16200206"
"7810021","穿刺影袭加星","16200210,16200211","16200210,16200211"
"7810030","剔骨1","16200300,16200301,16200302,16200303,16200304,16200305,16200306","16200300,16200301,16200302,16200303,16200304,16200305,16200306"
"7810031","剔骨2","16200310,16200311,16200312,16200313,16200314,16200315,16200316","16200310,16200311,16200312,16200313,16200314,16200315,16200316"
"7810032","剔骨3","16200320,16200321,16200322,16200323,16200324,16200325,16200326","16200320,16200321,16200322,16200323,16200324,16200325,16200326"
"7810132","剔骨3消耗连击点","16201320","16201320"
"7810033","剔骨4","16200330,16200331,16200332,16200333,16200334,16200335,16200336","16200330,16200331,16200332,16200333,16200334,16200335,16200336"
"7810133","剔骨4消耗连击点","16201330","16201330"
"7810034","剔骨5","16200340,16200341,16200342,16200343,16200344,16200345,16200346","16200340,16200341,16200342,16200343,16200344,16200345,16200346"
"7810134","剔骨5消耗连击点","16201340","16201340"
"7810035","剔骨虚弱休息","16200350,16200351","16200350,16200351"
"7810040","潜行","16200400,16200401,16200402","16200400,16200401,16200402"
"7810050","闷棍","16200500,16200501,16200502,16200503,16200504,16200505,16200506,16200507,16200508","16200500,16200501,16200502,16200503,16200504,16200505,16200506,16200507,16200508"
"7810051","闷棍虚弱休息","16200510,16200511","16200510,16200511"
"7810052","闷棍扣血","16200520","16200520"
"7820010","淬毒刀扇1","16200100,16200101,16200102,16200103,16200104,16200105,16200106,16200107","16200100,16200101,16200102,16200103,16200104,16200105,16200106,16200107"
"7820011","淬毒刀扇2","16200110,16200111,16200112,16200113,16200114,16200115","16200110,16200111,16200112,16200113,16200114,16200115"
"7820012","淬毒刀扇3","16200120,16200121,16200122,16200123,16200124,16200125","16200120,16200121,16200122,16200123,16200124,16200125"
"7820013","淬毒刀扇4","16200130,16200131,16200132,16200133,16200134,16200135","16200130,16200131,16200132,16200133,16200134,16200135"
"7820014","淬毒刀扇现身","16200140,16200141","16200140,16200141"
"7820015","淬毒刀扇首目标上毒","16200150","16200150"
"7820016","淬毒刀扇上毒加星","16200160","16200160"
"7820020","穿刺影袭","16200200,16200201,16200202,16200203,16200204,16200205,16200206","16200200,16200201,16200202,16200203,16200204,16200205,16200206"
"7820021","穿刺影袭加星","16200210,16200211","16200210,16200211"
"7820030","剔骨1","16200300,16200301,16200302,16200303,16200304,16200305,16200306","16200300,16200301,16200302,16200303,16200304,16200305,16200306"
"7820031","剔骨2","16200310,16200311,16200312,16200313,16200314,16200315,16200316","16200310,16200311,16200312,16200313,16200314,16200315,16200316"
"7820032","剔骨3","16200320,16200321,16200322,16200323,16200324,16200325,16200326","16200320,16200321,16200322,16200323,16200324,16200325,16200326"
"7820132","剔骨3消耗连击点","16201320","16201320"
"7820033","剔骨4","16200330,16200331,16200332,16200333,16200334,16200335,16200336","16200330,16200331,16200332,16200333,16200334,16200335,16200336"
"7820133","剔骨4消耗连击点","16201330","16201330"
"7820034","剔骨5","16200340,16200341,16200342,16200343,16200344,16200345,16200346","16200340,16200341,16200342,16200343,16200344,16200345,16200346"
"7820134","剔骨5消耗连击点","16201340","16201340"
"7820035","剔骨虚弱休息","16200350,16200351","16200350,16200351"
"7820040","潜行","16200400,16200401,16200402","16200400,16200401,16200402"
"7820050","闷棍","16200500,16200501,16200502,16200503,16200504,16200505,16200506,16200507,16200508","16200500,16200501,16200502,16200503,16200504,16200505,16200506,16200507,16200508"
"7820051","闷棍虚弱休息","16200510,16200511","16200510,16200511"
"7820052","闷棍扣血","16200520","16200520"
"7830010","淬毒刀扇1","16200100,16200101,16200102,16200103,16200104,16200105,16200106,16200107","16200100,16200101,16200102,16200103,16200104,16200105,16200106,16200107"
"7830011","淬毒刀扇2","16200110,16200111,16200112,16200113,16200114,16200115","16200110,16200111,16200112,16200113,16200114,16200115"
"7830012","淬毒刀扇3","16200120,16200121,16200122,16200123,16200124,16200125","16200120,16200121,16200122,16200123,16200124,16200125"
"7830013","淬毒刀扇4","16200130,16200131,16200132,16200133,16200134,16200135","16200130,16200131,16200132,16200133,16200134,16200135"
"7830014","淬毒刀扇现身","16200140,16200141","16200140,16200141"
"7830015","淬毒刀扇首目标上毒","16200150","16200150"
"7830016","淬毒刀扇上毒加星","16200160","16200160"
"7830020","穿刺影袭","16200200,16200201,16200202,16200203,16200204,16200205,16200206","16200200,16200201,16200202,16200203,16200204,16200205,16200206"
"7830021","穿刺影袭加星","16200210,16200211","16200210,16200211"
"7830030","剔骨1","16200300,16200301,16200302,16200303,16200304,16200305,16200306","16200300,16200301,16200302,16200303,16200304,16200305,16200306"
"7830031","剔骨2","16200310,16200311,16200312,16200313,16200314,16200315,16200316","16200310,16200311,16200312,16200313,16200314,16200315,16200316"
"7830032","剔骨3","16200320,16200321,16200322,16200323,16200324,16200325,16200326","16200320,16200321,16200322,16200323,16200324,16200325,16200326"
"7830132","剔骨3消耗连击点","16201320","16201320"
"7830033","剔骨4","16200330,16200331,16200332,16200333,16200334,16200335,16200336","16200330,16200331,16200332,16200333,16200334,16200335,16200336"
"7830133","剔骨4消耗连击点","16201330","16201330"
"7830034","剔骨5","16200340,16200341,16200342,16200343,16200344,16200345,16200346","16200340,16200341,16200342,16200343,16200344,16200345,16200346"
"7830134","剔骨5消耗连击点","16201340","16201340"
"7830035","剔骨虚弱休息","16200350,16200351","16200350,16200351"
"7830040","潜行","16200400,16200401,16200402","16200400,16200401,16200402"
"7830050","闷棍","16200500,16200501,16200502,16200503,16200504,16200505,16200506,16200507,16200508","16200500,16200501,16200502,16200503,16200504,16200505,16200506,16200507,16200508"
"7830051","闷棍虚弱休息","16200510,16200511","16200510,16200511"
"7830052","闷棍扣血","16200520","16200520"
"7910010","火焰之雨1","16300100,16300101,16300102,16300103",
"7910011","火焰之雨2","16300110",
"7910012","火焰之雨3","16300120",
"7910013","火焰之雨4","16300130",
"7910014","火焰之雨5","16300140",
"7910015","火焰之雨6","16300150",
"7910020","沉默诅咒","16300200,16300201,16300202",
"7910021","沉默诅咒伤害","16310100,16310101,16310102,16310103",
"7910030","生命虹吸上毒","16300300,16300301,16300302",
"7910031","生命虹吸吸血","16300310,16300311",
"7910040","恶魔降临","16300400,16300401,16300402",
"7910041","恶魔降临伤害","16310100,16310101,16310102,16310103",
"7910050","虚弱诅咒1","16300500,16300501,16300502,16300503",
"7910051","虚弱诅咒2","16300510,16300511,16300512",
"7910052","虚弱诅咒3","16300520,16300521,16300522",
"7910053","虚弱诅咒4","16300530,16300531,16300532",
"7910054","虚弱诅咒5","16300540,16300541,16300542",
"7910055","虚弱诅咒6","16300550,16300551,16300552",
"7910056","虚弱诅咒7","16300560,16300561,16300562",
"7920010","火焰之雨1","16300100,16300101,16300102,16300103",
"7920011","火焰之雨2","16300110",
"7920012","火焰之雨3","16300120",
"7920013","火焰之雨4","16300130",
"7920014","火焰之雨5","16300140",
"7920015","火焰之雨6","16300150",
"7920020","沉默诅咒","16300200,16300201,16300202",
"7920030","生命虹吸上毒","16300300,16300301,16300302",
"7920031","生命虹吸吸血","16300310,16300311",
"7920040","恶魔降临","16300400,16300401,16300402",
"7920050","虚弱诅咒1","16300500,16300501,16300502,16300503",
"7920051","虚弱诅咒2","16300510,16300511,16300512",
"7920052","虚弱诅咒3","16300520,16300521,16300522",
"7920053","虚弱诅咒4","16300530,16300531,16300532",
"7920054","虚弱诅咒5","16300540,16300541,16300542",
"7920055","虚弱诅咒6","16300550,16300551,16300552",
"7920056","虚弱诅咒7","16300560,16300561,16300562",
"7930010","火焰之雨1","16300100,16300101,16300102,16300103",
"7930011","火焰之雨2","16300110",
"7930012","火焰之雨3","16300120",
"7930013","火焰之雨4","16300130",
"7930014","火焰之雨5","16300140",
"7930015","火焰之雨6","16300150",
"7930020","沉默诅咒","16300200,16300201,16300202",
"7930030","生命虹吸上毒","16300300,16300301,16300302",
"7930031","生命虹吸吸血","16300310,16300311",
"7930040","恶魔降临","16300400,16300401,16300402",
"7930050","虚弱诅咒1","16300500,16300501,16300502,16300503",
"7930051","虚弱诅咒2","16300510,16300511,16300512",
"7930052","虚弱诅咒3","16300520,16300521,16300522",
"7930053","虚弱诅咒4","16300530,16300531,16300532",
"7930054","虚弱诅咒5","16300540,16300541,16300542",
"7930055","虚弱诅咒6","16300550,16300551,16300552",
"7930056","虚弱诅咒7","16300560,16300561,16300562",
"7940010","火焰之雨1","16300100,16300101,16300102,16300103",
"7940011","火焰之雨2","16300110",
"7940012","火焰之雨3","16300120",
"7940013","火焰之雨4","16300130",
"7940014","火焰之雨5","16300140",
"7940015","火焰之雨6","16300150",
"7940020","沉默诅咒","16300200,16300201,16300202",
"7940030","生命虹吸上毒","16300300,16300301,16300302",
"7940031","生命虹吸吸血","16300310,16300311",
"7940040","恶魔降临","16300400,16300401,16300402",
"7940050","虚弱诅咒1","16300500,16300501,16300502,16300503",
"7940051","虚弱诅咒2","16300510,16300511,16300512",
"7940052","虚弱诅咒3","16300520,16300521,16300522",
"7940053","虚弱诅咒4","16300530,16300531,16300532",
"7940054","虚弱诅咒5","16300540,16300541,16300542",
"7940055","虚弱诅咒6","16300550,16300551,16300552",
"7940056","虚弱诅咒7","16300560,16300561,16300562",
"7950010","火焰之雨1","16300100,16300101,16300102,16300103",
"7950011","火焰之雨2","16300110",
"7950012","火焰之雨3","16300120",
"7950013","火焰之雨4","16300130",
"7950014","火焰之雨5","16300140",
"7950015","火焰之雨6","16300150",
"7950020","沉默诅咒","16300200,16300201,16300202",
"7950021","沉默诅咒生命虹吸伤害","16300300,16300301,16300302",
"7950022","沉默诅咒生命虹吸吸血","16300310,16300311",
"7950030","生命虹吸上毒","16300300,16300301,16300302",
"7950031","生命虹吸吸血","16300310,16300311",
"7950040","恶魔降临","16300400,16300401,16300402",
"7950041","恶魔降临生命虹吸伤害","16300300,16300301,16300302",
"7950042","恶魔降临生命虹吸吸血","16300310,16300311",
"7950050","虚弱诅咒1","16300500,16300501,16300502,16300503",
"7950051","虚弱诅咒2","16300510,16300511,16300512",
"7950052","虚弱诅咒3","16300520,16300521,16300522",
"7950053","虚弱诅咒4","16300530,16300531,16300532",
"7950054","虚弱诅咒5","16300540,16300541,16300542",
"7950055","虚弱诅咒6","16300550,16300551,16300552",
"7950056","虚弱诅咒7","16300560,16300561,16300562",
